"","IP","X_","audio","a.u.d.i.o.","condition","experimentName","item","response1","response1_time","sound1","time","trialnumber","userCode","userFileName","view","X..a.u.d.i.o."
"1","62.176.19.146",1419581493862,"undefined","","","HSElist2Dec26","","",NA,NA,NA,1,"ESY1",1,"undefined",""
"2","62.176.19.146",1419581494809,"undefined","","","HSElist2Dec26","","",NA,NA,NA,2,"ESY1",1,"undefined",""
"3","62.176.19.146",1419581503051,"undefined","","","HSElist2Dec26","","",NA,1,NA,3,"ESY1",1,"undefined",""
"4","62.176.19.146",1419581512052,"undefined","","","HSElist2Dec26","","",NA,1,NA,4,"ESY1",1,"undefined",""
"5","62.176.19.146",1419581520291,"undefined","","","HSElist2Dec26","","",NA,1,NA,5,"ESY1",1,"undefined",""
"6","62.176.19.146",1419581531421,"undefined","","","HSElist2Dec26","","",NA,1,NA,6,"ESY1",1,"undefined",""
"7","62.176.19.146",1419581539434,"undefined","","","HSElist2Dec26","","",NA,1,NA,7,"ESY1",1,"undefined",""
"8","62.176.19.146",1419581550131,"1_2_fill","","NM_Pauc","HSElist2Dec26","fill","",NA,1,NA,9,"ESY1",1,"stimulus.ejs",""
"9","95.72.130.153",1419601865097,"undefined","","","HSElist2Dec26","","",NA,NA,NA,1,"NDA2",2,"undefined",""
"10","95.72.130.153",1419601870797,"undefined","","","HSElist2Dec26","","",NA,NA,NA,2,"NDA2",2,"undefined",""
"11","95.72.130.153",1419601889191,"undefined","","","HSElist2Dec26","","Ошибка!",2247,1,NA,3,"NDA2",2,"undefined",""
"12","46.42.143.112",1419702387762,"undefined","","","HSElist2Dec26","","",NA,NA,NA,1,"WOO3",3,"undefined",""
"13","46.42.143.112",1419702399444,"undefined","","","HSElist2Dec26","","",NA,NA,NA,2,"WOO3",3,"undefined",""
"14","46.42.143.112",1419702415573,"undefined","","","HSElist2Dec26","","",NA,1,NA,3,"WOO3",3,"undefined",""
"15","46.42.143.112",1419702430720,"undefined","","","HSElist2Dec26","","Ошибка!",6333,1,NA,4,"WOO3",3,"undefined",""
"16","46.42.143.112",1419702447957,"undefined","","","HSElist2Dec26","","Ошибка!",1419702433421,1,NA,5,"WOO3",3,"undefined",""
"17","46.42.143.112",1419702461708,"undefined","","","HSElist2Dec26","","",NA,1,NA,6,"WOO3",3,"undefined",""
"18","46.42.143.112",1419702473356,"undefined","","","HSElist2Dec26","","Ошибка!",7865,1,NA,7,"WOO3",3,"undefined",""
"19","46.42.143.112",1419702497699,"1_2_fill","","NM_Pauc","HSElist2Dec26","fill","Ошибка!",6654,1,NA,9,"WOO3",3,"stimulus.ejs",""
"20","46.42.143.112",1419702511564,"2_2_exp","","NM_Pl","HSElist2Dec26","exp","Ошибка!",11320,1,NA,10,"WOO3",3,"stimulus.ejs",""
"21","46.42.143.112",1419702523727,"3_2_exp","","M_Pl","HSElist2Dec26","exp","",NA,1,NA,11,"WOO3",3,"stimulus.ejs",""
"22","46.42.143.112",1419702542662,"4_2_fill","","NM_Pl","HSElist2Dec26","fill","Ошибка!",8695,1,NA,12,"WOO3",3,"stimulus.ejs",""
"23","46.42.143.112",1419702555555,"5_2_exp","","NM_Sg","HSElist2Dec26","exp","Ошибка!",9700,1,NA,13,"WOO3",3,"stimulus.ejs",""
"24","46.42.143.112",1419702567715,"6_2_fill","","M_Pauc","HSElist2Dec26","fill","",NA,1,NA,14,"WOO3",3,"stimulus.ejs",""
"25","46.42.143.112",1419702579829,"7_2_fill","","M_Pl","HSElist2Dec26","fill","",NA,1,NA,15,"WOO3",3,"stimulus.ejs",""
"26","46.42.143.112",1419702600232,"8_2_exp","","M_Sg","HSElist2Dec26","exp","",NA,1,NA,16,"WOO3",3,"stimulus.ejs",""
"27","46.42.143.112",1419702612982,"9_2_exp","","NM_Pl","HSElist2Dec26","exp","Ошибка!",8911,1,NA,17,"WOO3",3,"stimulus.ejs",""
"28","46.42.143.112",1419702632753,"10_2_fill","","M_Pauc","HSElist2Dec26","fill","",NA,1,NA,18,"WOO3",3,"stimulus.ejs",""
"29","46.42.143.112",1419702646427,"11_2_exp","","M_Pl","HSElist2Dec26","exp","",NA,1,NA,19,"WOO3",3,"stimulus.ejs",""
"30","46.42.143.112",1419702661439,"12_2_fill","","NM_Pauc","HSElist2Dec26","fill","Ошибка!",8863,1,NA,20,"WOO3",3,"stimulus.ejs",""
"31","46.42.143.112",1419702674101,"13_2_fill","","NM_Pl","HSElist2Dec26","fill","",NA,1,NA,21,"WOO3",3,"stimulus.ejs",""
"32","46.42.143.112",1419702690193,"14_2_exp","","NM_Sg","HSElist2Dec26","exp","Ошибка!",1419702675282,1,NA,22,"WOO3",3,"stimulus.ejs",""
"33","46.42.143.112",1419702701340,"15_2_exp","","M_Sg","HSElist2Dec26","exp","Ошибка!",10036,1,NA,23,"WOO3",3,"stimulus.ejs",""
"34","46.42.143.112",1419702713002,"16_2_fill","","NM_Pauc","HSElist2Dec26","fill","Ошибка!",8482,1,NA,24,"WOO3",3,"stimulus.ejs",""
"35","46.42.143.112",1419702726138,"17_2_exp","","NM_Pl","HSElist2Dec26","exp","Ошибка!",10324,1,NA,25,"WOO3",3,"stimulus.ejs",""
"36","46.42.143.112",1419702736351,"18_2_fill","","M_Pl","HSElist2Dec26","fill","",NA,1,NA,26,"WOO3",3,"stimulus.ejs",""
"37","46.42.143.112",1419702746594,"19_2_fill","","M_Pauc","HSElist2Dec26","fill","",NA,1,NA,27,"WOO3",3,"stimulus.ejs",""
"38","46.42.143.112",1419702759112,"20_2_exp","","M_Pl","HSElist2Dec26","exp","",NA,1,NA,28,"WOO3",3,"stimulus.ejs",""
"39","46.42.143.112",1419702773924,"21_2_exp","","NM_Sg","HSElist2Dec26","exp","Ошибка!",10236,1,NA,29,"WOO3",3,"stimulus.ejs",""
"40","46.42.143.112",1419702793400,"22_2_fill","","M_Pl","HSElist2Dec26","fill","",NA,1,NA,30,"WOO3",3,"stimulus.ejs",""
"41","46.42.143.112",1419702805516,"23_2_exp","","M_Sg","HSElist2Dec26","exp","",NA,1,NA,31,"WOO3",3,"stimulus.ejs",""
"42","46.42.143.112",1419702818513,"24_2_fill","","NM_Pl","HSElist2Dec26","fill","Ошибка!",8400,1,NA,32,"WOO3",3,"stimulus.ejs",""
"43","46.42.143.112",1419702835201,"25_2_fill","","NM_Pauc","HSElist2Dec26","fill","Ошибка!",7396,1,NA,33,"WOO3",3,"stimulus.ejs",""
"44","46.42.143.112",1419702847094,"26_2_exp","","NM_Pl","HSElist2Dec26","exp","Ошибка!",9602,1,NA,34,"WOO3",3,"stimulus.ejs",""
"45","46.42.143.112",1419702861371,"27_2_exp","","M_Pl","HSElist2Dec26","exp","",NA,1,NA,35,"WOO3",3,"stimulus.ejs",""
"46","46.42.143.112",1419702885852,"28_2_fill","","NM_Pl","HSElist2Dec26","fill","Ошибка!",8660,1,NA,36,"WOO3",3,"stimulus.ejs",""
"47","46.42.143.112",1419702910673,"29_2_exp","","NM_Sg","HSElist2Dec26","exp","",NA,1,NA,37,"WOO3",3,"stimulus.ejs",""
"48","178.205.87.86",1419789393098,"","","","HSElist2Dec26","","",NA,NA,NA,1,"JWF4",4,"undefined","undefined"
"49","178.205.87.86",1419789395282,"","","","HSElist2Dec26","","",NA,NA,NA,2,"JWF4",4,"undefined","undefined"
"50","82.145.208.129",1420046524948,"undefined","","","HSElist2Dec26","","",NA,NA,NA,1,"CWX5",5,"undefined",""
"51","82.145.208.129",1420046568937,"undefined","","","HSElist2Dec26","","",NA,NA,NA,2,"CWX5",5,"undefined",""
"52","82.145.208.129",1420046591982,"undefined","","","HSElist2Dec26","","",NA,NA,NA,1,"ZYQ6",6,"undefined",""
"53","82.145.208.129",1420046592895,"undefined","","","HSElist2Dec26","","",NA,NA,NA,2,"ZYQ6",6,"undefined",""
"54","82.145.208.129",1420046631634,"undefined","","","HSElist2Dec26","","",NA,NA,NA,1,"VPZ7",7,"undefined",""
"55","82.145.208.129",1420046632909,"undefined","","","HSElist2Dec26","","",NA,NA,NA,2,"VPZ7",7,"undefined",""
"56","178.234.155.184",1420294252477,"undefined","","","HSElist2Dec26","","",NA,NA,NA,1,"QJI8",8,"undefined",""
"57","178.234.155.184",1420294285506,"undefined","","","HSElist2Dec26","","",NA,NA,NA,2,"QJI8",8,"undefined",""
"58","178.234.155.184",1420294295489,"undefined","","","HSElist2Dec26","","",NA,1,NA,3,"QJI8",8,"undefined",""
"59","178.234.155.184",1420294318718,"undefined","","","HSElist2Dec26","","",NA,1,NA,4,"QJI8",8,"undefined",""
"60","178.234.155.184",1420294328482,"undefined","","","HSElist2Dec26","","",NA,1,NA,5,"QJI8",8,"undefined",""
"61","178.234.155.184",1420294342871,"undefined","","","HSElist2Dec26","","",NA,1,NA,6,"QJI8",8,"undefined",""
"62","178.234.155.184",1420294354455,"undefined","","","HSElist2Dec26","","Ошибка!",6245,1,NA,7,"QJI8",8,"undefined",""
"63","178.234.155.184",1420294373733,"1_2_fill","","NM_Pauc","HSElist2Dec26","fill","Ошибка!",7245,1,NA,9,"QJI8",8,"stimulus.ejs",""
"64","178.234.155.184",1420294386047,"2_2_exp","","NM_Pl","HSElist2Dec26","exp","Ошибка!",7565,1,NA,10,"QJI8",8,"stimulus.ejs",""
"65","178.234.155.184",1420294399166,"3_2_exp","","M_Pl","HSElist2Dec26","exp","Ошибка!",8908,1,NA,11,"QJI8",8,"stimulus.ejs",""
"66","178.234.155.184",1420294416145,"4_2_fill","","NM_Pl","HSElist2Dec26","fill","Ошибка!",6100,1,NA,12,"QJI8",8,"stimulus.ejs",""
"67","178.234.155.184",1420294428218,"5_2_exp","","NM_Sg","HSElist2Dec26","exp","Ошибка!",5901,1,NA,13,"QJI8",8,"stimulus.ejs",""
"68","178.234.155.184",1420294438436,"6_2_fill","","M_Pauc","HSElist2Dec26","fill","",NA,1,NA,14,"QJI8",8,"stimulus.ejs",""
"69","178.234.155.184",1420294451280,"7_2_fill","","M_Pl","HSElist2Dec26","fill","",NA,1,NA,15,"QJI8",8,"stimulus.ejs",""
"70","178.234.155.184",1420294462677,"8_2_exp","","M_Sg","HSElist2Dec26","exp","",NA,1,NA,16,"QJI8",8,"stimulus.ejs",""
"71","178.234.155.184",1420294474314,"9_2_exp","","NM_Pl","HSElist2Dec26","exp","Ошибка!",6461,1,NA,17,"QJI8",8,"stimulus.ejs",""
"72","178.234.155.184",1420294486955,"10_2_fill","","M_Pauc","HSElist2Dec26","fill","",NA,1,NA,18,"QJI8",8,"stimulus.ejs",""
"73","178.234.155.184",1420294498747,"11_2_exp","","M_Pl","HSElist2Dec26","exp","",NA,1,NA,19,"QJI8",8,"stimulus.ejs",""
"74","178.234.155.184",1420294509986,"12_2_fill","","NM_Pauc","HSElist2Dec26","fill","Ошибка!",8285,1,NA,20,"QJI8",8,"stimulus.ejs",""
"75","178.234.155.184",1420294520712,"13_2_fill","","NM_Pl","HSElist2Dec26","fill","Ошибка!",7749,1,NA,21,"QJI8",8,"stimulus.ejs",""
"76","178.234.155.184",1420294532514,"14_2_exp","","NM_Sg","HSElist2Dec26","exp","Ошибка!",6765,1,NA,22,"QJI8",8,"stimulus.ejs",""
"77","178.234.155.184",1420294545052,"15_2_exp","","M_Sg","HSElist2Dec26","exp","",NA,1,NA,23,"QJI8",8,"stimulus.ejs",""
"78","178.234.155.184",1420294557544,"16_2_fill","","NM_Pauc","HSElist2Dec26","fill","",NA,1,NA,24,"QJI8",8,"stimulus.ejs",""
"79","178.234.155.184",1420294570905,"17_2_exp","","NM_Pl","HSElist2Dec26","exp","Ошибка!",6389,1,NA,25,"QJI8",8,"stimulus.ejs",""
"80","178.234.155.184",1420294580218,"18_2_fill","","M_Pl","HSElist2Dec26","fill","",NA,1,NA,26,"QJI8",8,"stimulus.ejs",""
"81","178.234.155.184",1420294591296,"19_2_fill","","M_Pauc","HSElist2Dec26","fill","",NA,1,NA,27,"QJI8",8,"stimulus.ejs",""
"82","178.234.155.184",1420294602822,"20_2_exp","","M_Pl","HSElist2Dec26","exp","",NA,1,NA,28,"QJI8",8,"stimulus.ejs",""
"83","178.234.155.184",1420294614517,"21_2_exp","","NM_Sg","HSElist2Dec26","exp","Ошибка!",8045,1,NA,29,"QJI8",8,"stimulus.ejs",""
"84","178.234.155.184",1420294626467,"22_2_fill","","M_Pl","HSElist2Dec26","fill","",NA,1,NA,30,"QJI8",8,"stimulus.ejs",""
"85","178.234.155.184",1420294638139,"23_2_exp","","M_Sg","HSElist2Dec26","exp","",NA,1,NA,31,"QJI8",8,"stimulus.ejs",""
"86","178.234.155.184",1420294648557,"24_2_fill","","NM_Pl","HSElist2Dec26","fill","",NA,1,NA,32,"QJI8",8,"stimulus.ejs",""
"87","178.234.155.184",1420294659056,"25_2_fill","","NM_Pauc","HSElist2Dec26","fill","Ошибка!",5269,1,NA,33,"QJI8",8,"stimulus.ejs",""
"88","178.234.155.184",1420294670506,"26_2_exp","","NM_Pl","HSElist2Dec26","exp","Ошибка!",6550,1,NA,34,"QJI8",8,"stimulus.ejs",""
"89","178.234.155.184",1420294684163,"27_2_exp","","M_Pl","HSElist2Dec26","exp","",NA,1,NA,35,"QJI8",8,"stimulus.ejs",""
"90","178.234.155.184",1420294696523,"28_2_fill","","NM_Pl","HSElist2Dec26","fill","",NA,1,NA,36,"QJI8",8,"stimulus.ejs",""
"91","178.234.155.184",1420294707934,"29_2_exp","","NM_Sg","HSElist2Dec26","exp","Ошибка!",6301,1,NA,37,"QJI8",8,"stimulus.ejs",""
"92","178.234.155.184",1420294741264,"30_2_fill","","M_Pauc","HSElist2Dec26","fill","",NA,1,NA,38,"QJI8",8,"stimulus.ejs",""
"93","178.234.155.184",1420294750864,"31_2_fill","","M_Pl","HSElist2Dec26","fill","",NA,1,NA,39,"QJI8",8,"stimulus.ejs",""
"94","178.234.155.184",1420294762068,"32_2_exp","","M_Sg","HSElist2Dec26","exp","",NA,1,NA,40,"QJI8",8,"stimulus.ejs",""
"95","178.234.155.184",1420294773613,"33_2_exp","","NM_Pl","HSElist2Dec26","exp","Ошибка!",9244,1,NA,41,"QJI8",8,"stimulus.ejs",""
"96","178.234.155.184",1420294783955,"34_2_fill","","M_Pauc","HSElist2Dec26","fill","",NA,1,NA,42,"QJI8",8,"stimulus.ejs",""
"97","178.234.155.184",1420294795321,"35_2_exp","","M_Pl","HSElist2Dec26","exp","",NA,1,NA,43,"QJI8",8,"stimulus.ejs",""
"98","178.234.155.184",1420294806990,"36_2_fill","","NM_Pauc","HSElist2Dec26","fill","",NA,1,NA,44,"QJI8",8,"stimulus.ejs",""
"99","178.234.155.184",1420294817690,"37_2_fill","","NM_Pl","HSElist2Dec26","fill","Ошибка!",8269,1,NA,45,"QJI8",8,"stimulus.ejs",""
"100","178.234.155.184",1420294829267,"38_2_exp","","NM_Sg","HSElist2Dec26","exp","Ошибка!",6814,1,NA,46,"QJI8",8,"stimulus.ejs",""
"101","178.234.155.184",1420294840779,"39_2_exp","","M_Sg","HSElist2Dec26","exp","",NA,1,NA,47,"QJI8",8,"stimulus.ejs",""
"102","178.234.155.184",1420294850966,"40_2_fill","","NM_Pauc","HSElist2Dec26","fill","Ошибка!",5045,1,NA,48,"QJI8",8,"stimulus.ejs",""
"103","178.234.155.184",1420294861977,"41_2_exp","","NM_Pl","HSElist2Dec26","exp","Ошибка!",6318,1,NA,49,"QJI8",8,"stimulus.ejs",""
"104","178.234.155.184",1420294872906,"42_2_fill","","M_Pl","HSElist2Dec26","fill","",NA,1,NA,50,"QJI8",8,"stimulus.ejs",""
"105","178.234.155.184",1420294883778,"43_2_fill","","M_Pauc","HSElist2Dec26","fill","",NA,1,NA,51,"QJI8",8,"stimulus.ejs",""
"106","178.234.155.184",1420294894521,"44_2_exp","","M_Pl","HSElist2Dec26","exp","",NA,1,NA,52,"QJI8",8,"stimulus.ejs",""
"107","178.234.155.184",1420294907088,"45_2_exp","","NM_Sg","HSElist2Dec26","exp","Ошибка!",6294,1,NA,53,"QJI8",8,"stimulus.ejs",""
"108","178.234.155.184",1420294917780,"46_2_fill","","M_Pl","HSElist2Dec26","fill","Ошибка!",7238,1,NA,54,"QJI8",8,"stimulus.ejs",""
"109","178.234.155.184",1420294928771,"47_2_exp","","M_Sg","HSElist2Dec26","exp","",NA,1,NA,55,"QJI8",8,"stimulus.ejs",""
"110","178.234.155.184",1420294938632,"48_2_fill","","NM_Pl","HSElist2Dec26","fill","Ошибка!",7101,1,NA,56,"QJI8",8,"stimulus.ejs",""
"111","178.234.155.184",1420294947941,"49_2_fill","","NM_Pauc","HSElist2Dec26","fill","Ошибка!",6821,1,NA,57,"QJI8",8,"stimulus.ejs",""
"112","178.234.155.184",1420294958654,"50_2_exp","","NM_Pl","HSElist2Dec26","exp","Ошибка!",6078,1,NA,58,"QJI8",8,"stimulus.ejs",""
"113","178.234.155.184",1420294970353,"51_2_exp","","M_Pl","HSElist2Dec26","exp","",NA,1,NA,59,"QJI8",8,"stimulus.ejs",""
"114","178.234.155.184",1420294985089,"52_2_fill","","NM_Pl","HSElist2Dec26","fill","Ошибка!",5373,1,NA,60,"QJI8",8,"stimulus.ejs",""
"115","178.234.155.184",1420294997734,"53_2_exp","","NM_Sg","HSElist2Dec26","exp","Ошибка!",6037,1,NA,61,"QJI8",8,"stimulus.ejs",""
"116","178.234.155.184",1420295007234,"54_2_fill","","M_Pauc","HSElist2Dec26","fill","Ошибка!",5886,1,NA,62,"QJI8",8,"stimulus.ejs",""
"117","178.234.155.184",1420295017502,"55_2_fill","","M_Pl","HSElist2Dec26","fill","",NA,1,NA,63,"QJI8",8,"stimulus.ejs",""
"118","178.234.155.184",1420295028836,"56_2_exp","","M_Sg","HSElist2Dec26","exp","",NA,1,NA,64,"QJI8",8,"stimulus.ejs",""
"119","178.234.155.184",1420295040029,"57_2_exp","","NM_Pl","HSElist2Dec26","exp","Ошибка!",7741,1,NA,65,"QJI8",8,"stimulus.ejs",""
"120","178.234.155.184",1420295049767,"58_2_fill","","M_Pauc","HSElist2Dec26","fill","",NA,1,NA,66,"QJI8",8,"stimulus.ejs",""
"121","178.234.155.184",1420295061713,"59_2_exp","","M_Pl","HSElist2Dec26","exp","",NA,1,NA,67,"QJI8",8,"stimulus.ejs",""
"122","178.234.155.184",1420295071931,"60_2_fill","","NM_Pauc","HSElist2Dec26","fill","Ошибка!",6141,1,NA,68,"QJI8",8,"stimulus.ejs",""
"123","178.234.155.184",1420295081544,"61_2_fill","","NM_Pl","HSElist2Dec26","fill","Ошибка!",4773,1,NA,69,"QJI8",8,"stimulus.ejs",""
"124","178.234.155.184",1420295092086,"62_2_exp","","NM_Sg","HSElist2Dec26","exp","Ошибка!",7133,1,NA,70,"QJI8",8,"stimulus.ejs",""
"125","178.234.155.184",1420295103467,"63_2_exp","","M_Sg","HSElist2Dec26","exp","",NA,1,NA,71,"QJI8",8,"stimulus.ejs",""
"126","178.234.155.184",1420295118341,"64_2_fill","","M_Pl","HSElist2Dec26","fill","Ошибка!",12909,1,NA,72,"QJI8",8,"stimulus.ejs",""
"127","178.234.155.184",1420295128740,"65_2_exp","","NM_Pl","HSElist2Dec26","exp","",NA,1,NA,73,"QJI8",8,"stimulus.ejs",""
"128","188.162.167.10",1420536036046,"undefined","","","HSElist2Dec26","","",NA,NA,NA,1,"QDH9",9,"undefined",""
"129","188.162.167.10",1420536082307,"undefined","","","HSElist2Dec26","","",NA,NA,NA,2,"QDH9",9,"undefined",""
"130","188.162.167.10",1420536166107,"undefined","","","HSElist2Dec26","","",NA,NA,NA,1,"TNT10",10,"undefined",""
"131","188.162.167.10",1420536167444,"undefined","","","HSElist2Dec26","","",NA,NA,NA,2,"TNT10",10,"undefined",""
"132","188.162.167.10",1420536201545,"undefined","","","HSElist2Dec26","","",NA,NA,NA,1,"FFC11",11,"undefined",""
"133","188.162.167.10",1420536203598,"undefined","","","HSElist2Dec26","","",NA,NA,NA,2,"FFC11",11,"undefined",""
"134","93.123.196.64",1421021367370,"","","","HSElist2Dec26","","",NA,NA,NA,1,"HLW12",12,"undefined","undefined"
"135","93.123.196.64",1421021387746,"","","","HSElist2Dec26","","",NA,NA,NA,2,"HLW12",12,"undefined","undefined"
"136","93.123.196.64",1421021401302,"","","","HSElist2Dec26","","",NA,1,NA,3,"HLW12",12,"undefined","undefined"
"137","93.123.196.64",1421021413376,"","","","HSElist2Dec26","","Ошибка!",4108,1,NA,4,"HLW12",12,"undefined","undefined"
"138","93.123.196.64",1421021426599,"","","","HSElist2Dec26","","Ошибка!",4044,1,NA,5,"HLW12",12,"undefined","undefined"
"139","93.123.196.64",1421021443727,"","","","HSElist2Dec26","","",NA,1,NA,6,"HLW12",12,"undefined","undefined"
"140","93.123.196.64",1421021454543,"","","","HSElist2Dec26","","Ошибка!",3161,1,NA,7,"HLW12",12,"undefined","undefined"
"141","93.123.196.64",1421021581401,"","","","HSElist2Dec26","","",NA,NA,NA,1,"PXZ13",13,"undefined","undefined"
"142","93.123.196.64",1421021583290,"","","","HSElist2Dec26","","",NA,NA,NA,2,"PXZ13",13,"undefined","undefined"
"143","93.123.196.64",1421021595075,"","","","HSElist2Dec26","","",NA,1,NA,3,"PXZ13",13,"undefined","undefined"
"144","93.123.196.64",1421021606306,"","","","HSElist2Dec26","","Ошибка!",3214,1,NA,4,"PXZ13",13,"undefined","undefined"
"145","93.123.196.64",1421021616592,"","","","HSElist2Dec26","","Ошибка!",3812,1,NA,5,"PXZ13",13,"undefined","undefined"
"146","93.123.196.64",1421021631882,"","","","HSElist2Dec26","","",NA,1,NA,6,"PXZ13",13,"undefined","undefined"
"147","93.123.196.64",1421021645379,"","","","HSElist2Dec26","","Ошибка!",4528,1,NA,7,"PXZ13",13,"undefined","undefined"
"148","83.149.8.61",1421049074274,"undefined","","","HSElist2Dec26","","",NA,NA,NA,1,"NNM14",14,"undefined",""
"149","83.149.8.61",1421049075687,"undefined","","","HSElist2Dec26","","",NA,NA,NA,2,"NNM14",14,"undefined",""
"150","176.125.215.197",1421051465940,"undefined","","","HSElist2Dec26","","",NA,NA,NA,1,"RWC15",15,"undefined",""
"151","176.125.215.197",1421051489160,"undefined","","","HSElist2Dec26","","",NA,NA,NA,2,"RWC15",15,"undefined",""
"152","62.176.19.146",1421072158220,"undefined","","","HSElist2Dec26","","",NA,NA,NA,1,"ODZ16",16,"undefined",""
"153","62.176.19.146",1421072160476,"undefined","","","HSElist2Dec26","","",NA,NA,NA,2,"ODZ16",16,"undefined",""
"154","62.176.19.146",1421072169442,"undefined","","","HSElist2Dec26","","",NA,1,NA,3,"ODZ16",16,"undefined",""
"155","62.176.19.146",1421072186331,"undefined","","","HSElist2Dec26","","",NA,1,NA,4,"ODZ16",16,"undefined",""
"156","62.176.19.146",1421072195226,"undefined","","","HSElist2Dec26","","",NA,1,NA,5,"ODZ16",16,"undefined",""
"157","62.176.19.146",1421072206795,"undefined","","","HSElist2Dec26","","",NA,1,NA,6,"ODZ16",16,"undefined",""
"158","62.176.19.146",1421072215389,"undefined","","","HSElist2Dec26","","",NA,1,NA,7,"ODZ16",16,"undefined",""
"159","62.176.19.146",1421072226195,"1_2_fill","","NM_Pauc","HSElist2Dec26","fill","",NA,1,NA,9,"ODZ16",16,"stimulus.ejs",""
"160","62.176.19.146",1421072237201,"2_2_exp","","NM_Pl","HSElist2Dec26","exp","",NA,1,NA,10,"ODZ16",16,"stimulus.ejs",""
"161","109.87.245.224",1421179971261,"","","","HSElist2Dec26","","",NA,NA,NA,1,"RYA17",17,"undefined","undefined"
"162","109.87.245.224",1421180020907,"","","","HSElist2Dec26","","",NA,NA,NA,2,"RYA17",17,"undefined","undefined"
"163","109.87.245.224",1421180036197,"","","","HSElist2Dec26","","",NA,1,NA,3,"RYA17",17,"undefined","undefined"
"164","109.87.245.224",1421180054453,"","","","HSElist2Dec26","","Ошибка!",6635,1,NA,4,"RYA17",17,"undefined","undefined"
"165","109.87.245.224",1421180066621,"","","","HSElist2Dec26","","Ошибка!",5942,1,NA,5,"RYA17",17,"undefined","undefined"
"166","109.87.245.224",1421180085837,"","","","HSElist2Dec26","","",NA,1,NA,6,"RYA17",17,"undefined","undefined"
"167","109.87.245.224",1421180098390,"","","","HSElist2Dec26","","Ошибка!",6204,1,NA,7,"RYA17",17,"undefined","undefined"
"168","109.87.245.224",1421180318771,"","","","HSElist2Dec26","","",NA,NA,NA,1,"PXC18",18,"undefined","undefined"
"169","109.87.245.224",1421180327782,"","","","HSElist2Dec26","","",NA,NA,NA,2,"PXC18",18,"undefined","undefined"
"170","109.87.245.224",1421180354762,"","","","HSElist2Dec26","","",NA,1,NA,3,"PXC18",18,"undefined","undefined"
"171","109.87.245.224",1421180364476,"","","","HSElist2Dec26","","Ошибка!",4305,1,NA,4,"PXC18",18,"undefined","undefined"
"172","109.87.245.224",1421180374090,"","","","HSElist2Dec26","","Ошибка!",3883,1,NA,5,"PXC18",18,"undefined","undefined"
"173","109.87.245.224",1421180388617,"","","","HSElist2Dec26","","",NA,1,NA,6,"PXC18",18,"undefined","undefined"
"174","109.87.245.224",1421180397374,"","","","HSElist2Dec26","","Ошибка!",5430,1,NA,7,"PXC18",18,"undefined","undefined"
"175","109.87.245.224",1421180607871,"","","","HSElist2Dec26","","",NA,NA,NA,1,"ZWM19",19,"undefined","undefined"
"176","109.87.245.224",1421180611564,"","","","HSElist2Dec26","","",NA,NA,NA,2,"ZWM19",19,"undefined","undefined"
"177","109.87.245.224",1421180620032,"","","","HSElist2Dec26","","",NA,1,NA,3,"ZWM19",19,"undefined","undefined"
"178","109.87.245.224",1421180629924,"","","","HSElist2Dec26","","Ошибка!",3478,1,NA,4,"ZWM19",19,"undefined","undefined"
"179","109.87.245.224",1421180639477,"","","","HSElist2Dec26","","Ошибка!",5734,1,NA,5,"ZWM19",19,"undefined","undefined"
"180","109.87.245.224",1421180651280,"","","","HSElist2Dec26","","",NA,1,NA,6,"ZWM19",19,"undefined","undefined"
"181","109.87.245.224",1421180659653,"","","","HSElist2Dec26","","Ошибка!",3215,1,NA,7,"ZWM19",19,"undefined","undefined"
"182","94.29.127.33",1421308181141,"undefined","","","HSElist2Dec26","","",NA,NA,NA,1,"POO20",20,"undefined",""
"183","94.29.127.33",1421308202084,"undefined","","","HSElist2Dec26","","",NA,NA,NA,2,"POO20",20,"undefined",""
"184","94.29.127.33",1417013398918,"undefined","","","HSElist2Dec26","","",NA,NA,NA,1,"IMX21",21,"undefined",""
"185","94.29.127.33",1417013400650,"undefined","","","HSElist2Dec26","","",NA,NA,NA,2,"IMX21",21,"undefined",""
"186","94.29.127.33",1417013423743,"undefined","","","HSElist2Dec26","","",NA,NA,NA,1,"LCA22",22,"undefined",""
"187","94.29.127.33",1417013424976,"undefined","","","HSElist2Dec26","","",NA,NA,NA,2,"LCA22",22,"undefined",""
"188","94.29.127.33",1417013434964,"undefined","","","HSElist2Dec26","","",NA,1,NA,3,"LCA22",22,"undefined",""
"189","94.29.127.33",1417013453082,"undefined","","","HSElist2Dec26","","Ошибка!",4498,1,NA,4,"LCA22",22,"undefined",""
"190","94.29.127.33",1417013464751,"undefined","","","HSElist2Dec26","","Ошибка!",4231,1,NA,5,"LCA22",22,"undefined",""
"191","94.29.127.33",1417013477039,"undefined","","","HSElist2Dec26","","",NA,1,NA,6,"LCA22",22,"undefined",""
"192","94.29.127.33",1417013495238,"undefined","","","HSElist2Dec26","","Ошибка!",3619,1,NA,7,"LCA22",22,"undefined",""
"193","94.29.127.33",1417013512881,"1_2_fill","","NM_Pauc","HSElist2Dec26","fill","Ошибка!",4942,1,NA,9,"LCA22",22,"stimulus.ejs",""
"194","94.29.127.33",1417013523699,"2_2_exp","","NM_Pl","HSElist2Dec26","exp","Ошибка!",6224,1,NA,10,"LCA22",22,"stimulus.ejs",""
"195","94.29.127.33",1417013536026,"3_2_exp","","M_Pl","HSElist2Dec26","exp","",NA,1,NA,11,"LCA22",22,"stimulus.ejs",""
"196","94.29.127.33",1417013547175,"4_2_fill","","NM_Pl","HSElist2Dec26","fill","",NA,1,NA,12,"LCA22",22,"stimulus.ejs",""
"197","94.29.127.33",1417013559436,"5_2_exp","","NM_Sg","HSElist2Dec26","exp","",NA,1,NA,13,"LCA22",22,"stimulus.ejs",""
"198","94.29.127.33",1417013571226,"6_2_fill","","M_Pauc","HSElist2Dec26","fill","",NA,1,NA,14,"LCA22",22,"stimulus.ejs",""
"199","94.29.127.33",1417013585488,"7_2_fill","","M_Pl","HSElist2Dec26","fill","",NA,1,NA,15,"LCA22",22,"stimulus.ejs",""
"200","94.29.127.33",1417013596767,"8_2_exp","","M_Sg","HSElist2Dec26","exp","",NA,1,NA,16,"LCA22",22,"stimulus.ejs",""
"201","94.29.127.33",1417013610029,"9_2_exp","","NM_Pl","HSElist2Dec26","exp","",NA,1,NA,17,"LCA22",22,"stimulus.ejs",""
"202","94.29.127.33",1417013621339,"10_2_fill","","M_Pauc","HSElist2Dec26","fill","",NA,1,NA,18,"LCA22",22,"stimulus.ejs",""
"203","94.29.127.33",1417013632928,"11_2_exp","","M_Pl","HSElist2Dec26","exp","",NA,1,NA,19,"LCA22",22,"stimulus.ejs",""
"204","94.29.127.33",1417013643348,"12_2_fill","","NM_Pauc","HSElist2Dec26","fill","",NA,1,NA,20,"LCA22",22,"stimulus.ejs",""
"205","94.29.127.33",1417013653708,"13_2_fill","","NM_Pl","HSElist2Dec26","fill","",NA,1,NA,21,"LCA22",22,"stimulus.ejs",""
"206","94.29.127.33",1417013678797,"14_2_exp","","NM_Sg","HSElist2Dec26","exp","",NA,1,NA,22,"LCA22",22,"stimulus.ejs",""
"207","94.29.127.33",1417013694788,"15_2_exp","","M_Sg","HSElist2Dec26","exp","",NA,1,NA,23,"LCA22",22,"stimulus.ejs",""
"208","94.29.127.33",1417013707186,"16_2_fill","","NM_Pauc","HSElist2Dec26","fill","",NA,1,NA,24,"LCA22",22,"stimulus.ejs",""
"209","94.29.127.33",1417013719477,"17_2_exp","","NM_Pl","HSElist2Dec26","exp","",NA,1,NA,25,"LCA22",22,"stimulus.ejs",""
"210","94.29.127.33",1417013733846,"18_2_fill","","M_Pl","HSElist2Dec26","fill","",NA,1,NA,26,"LCA22",22,"stimulus.ejs",""
"211","94.29.127.33",1417013744715,"19_2_fill","","M_Pauc","HSElist2Dec26","fill","",NA,1,NA,27,"LCA22",22,"stimulus.ejs",""
"212","94.29.127.33",1417013758298,"20_2_exp","","M_Pl","HSElist2Dec26","exp","",NA,1,NA,28,"LCA22",22,"stimulus.ejs",""
"213","94.29.127.33",1417013770674,"21_2_exp","","NM_Sg","HSElist2Dec26","exp","",NA,1,NA,29,"LCA22",22,"stimulus.ejs",""
"214","94.29.127.33",1417013780378,"22_2_fill","","M_Pl","HSElist2Dec26","fill","",NA,1,NA,30,"LCA22",22,"stimulus.ejs",""
"215","94.29.127.33",1417013792196,"23_2_exp","","M_Sg","HSElist2Dec26","exp","",NA,1,NA,31,"LCA22",22,"stimulus.ejs",""
"216","94.29.127.33",1417013802416,"24_2_fill","","NM_Pl","HSElist2Dec26","fill","",NA,1,NA,32,"LCA22",22,"stimulus.ejs",""
"217","94.29.127.33",1417013813230,"25_2_fill","","NM_Pauc","HSElist2Dec26","fill","",NA,1,NA,33,"LCA22",22,"stimulus.ejs",""
"218","94.29.127.33",1417013824657,"26_2_exp","","NM_Pl","HSElist2Dec26","exp","",NA,1,NA,34,"LCA22",22,"stimulus.ejs",""
"219","94.29.127.33",1417013836684,"27_2_exp","","M_Pl","HSElist2Dec26","exp","",NA,1,NA,35,"LCA22",22,"stimulus.ejs",""
"220","94.29.127.33",1417013846948,"28_2_fill","","NM_Pl","HSElist2Dec26","fill","",NA,1,NA,36,"LCA22",22,"stimulus.ejs",""
"221","94.29.127.33",1417013857820,"29_2_exp","","NM_Sg","HSElist2Dec26","exp","",NA,1,NA,37,"LCA22",22,"stimulus.ejs",""
"222","94.29.127.33",1417013869350,"30_2_fill","","M_Pauc","HSElist2Dec26","fill","",NA,1,NA,38,"LCA22",22,"stimulus.ejs",""
"223","94.29.127.33",1417013879757,"31_2_fill","","M_Pl","HSElist2Dec26","fill","",NA,1,NA,39,"LCA22",22,"stimulus.ejs",""
"224","94.29.127.33",1417013892415,"32_2_exp","","M_Sg","HSElist2Dec26","exp","",NA,1,NA,40,"LCA22",22,"stimulus.ejs",""
"225","94.29.127.33",1417013904796,"33_2_exp","","NM_Pl","HSElist2Dec26","exp","",NA,1,NA,41,"LCA22",22,"stimulus.ejs",""
"226","94.29.127.33",1417013915986,"34_2_fill","","M_Pauc","HSElist2Dec26","fill","",NA,1,NA,42,"LCA22",22,"stimulus.ejs",""
"227","94.29.127.33",1417013927752,"35_2_exp","","M_Pl","HSElist2Dec26","exp","",NA,1,NA,43,"LCA22",22,"stimulus.ejs",""
"228","94.29.127.33",1417013938832,"36_2_fill","","NM_Pauc","HSElist2Dec26","fill","",NA,1,NA,44,"LCA22",22,"stimulus.ejs",""
"229","94.29.127.33",1417013952296,"37_2_fill","","NM_Pl","HSElist2Dec26","fill","",NA,1,NA,45,"LCA22",22,"stimulus.ejs",""
"230","94.29.127.33",1417013964395,"38_2_exp","","NM_Sg","HSElist2Dec26","exp","",NA,1,NA,46,"LCA22",22,"stimulus.ejs",""
"231","94.29.127.33",1417013982030,"39_2_exp","","M_Sg","HSElist2Dec26","exp","",NA,1,NA,47,"LCA22",22,"stimulus.ejs",""
"232","94.29.127.33",1417013992870,"40_2_fill","","NM_Pauc","HSElist2Dec26","fill","",NA,1,NA,48,"LCA22",22,"stimulus.ejs",""
"233","94.29.127.33",1417014013451,"41_2_exp","","NM_Pl","HSElist2Dec26","exp","",NA,1,NA,49,"LCA22",22,"stimulus.ejs",""
"234","94.29.127.33",1417014037139,"42_2_fill","","M_Pl","HSElist2Dec26","fill","",NA,1,NA,50,"LCA22",22,"stimulus.ejs",""
"235","94.29.127.33",1417014049704,"43_2_fill","","M_Pauc","HSElist2Dec26","fill","",NA,1,NA,51,"LCA22",22,"stimulus.ejs",""
"236","94.29.127.33",1417014061264,"44_2_exp","","M_Pl","HSElist2Dec26","exp","",NA,1,NA,52,"LCA22",22,"stimulus.ejs",""
"237","94.29.127.33",1417014075105,"45_2_exp","","NM_Sg","HSElist2Dec26","exp","",NA,1,NA,53,"LCA22",22,"stimulus.ejs",""
"238","94.29.127.33",1417014086674,"46_2_fill","","M_Pl","HSElist2Dec26","fill","",NA,1,NA,54,"LCA22",22,"stimulus.ejs",""
"239","94.29.127.33",1417014100779,"47_2_exp","","M_Sg","HSElist2Dec26","exp","",NA,1,NA,55,"LCA22",22,"stimulus.ejs",""
"240","94.29.127.33",1417014110980,"48_2_fill","","NM_Pl","HSElist2Dec26","fill","",NA,1,NA,56,"LCA22",22,"stimulus.ejs",""
"241","94.29.127.33",1417014121363,"49_2_fill","","NM_Pauc","HSElist2Dec26","fill","",NA,1,NA,57,"LCA22",22,"stimulus.ejs",""
"242","94.29.127.33",1417014133832,"50_2_exp","","NM_Pl","HSElist2Dec26","exp","",NA,1,NA,58,"LCA22",22,"stimulus.ejs",""
"243","94.29.127.33",1417014145794,"51_2_exp","","M_Pl","HSElist2Dec26","exp","",NA,1,NA,59,"LCA22",22,"stimulus.ejs",""
"244","94.29.127.33",1417014155753,"52_2_fill","","NM_Pl","HSElist2Dec26","fill","",NA,1,NA,60,"LCA22",22,"stimulus.ejs",""
"245","94.29.127.33",1417014167173,"53_2_exp","","NM_Sg","HSElist2Dec26","exp","",NA,1,NA,61,"LCA22",22,"stimulus.ejs",""
"246","94.29.127.33",1417014178295,"54_2_fill","","M_Pauc","HSElist2Dec26","fill","",NA,1,NA,62,"LCA22",22,"stimulus.ejs",""
"247","94.29.127.33",1417014195080,"55_2_fill","","M_Pl","HSElist2Dec26","fill","",NA,1,NA,63,"LCA22",22,"stimulus.ejs",""
"248","94.29.127.33",1417014206941,"56_2_exp","","M_Sg","HSElist2Dec26","exp","",NA,1,NA,64,"LCA22",22,"stimulus.ejs",""
"249","94.29.127.33",1417014222220,"57_2_exp","","NM_Pl","HSElist2Dec26","exp","",NA,1,NA,65,"LCA22",22,"stimulus.ejs",""
"250","94.29.127.33",1417014231902,"58_2_fill","","M_Pauc","HSElist2Dec26","fill","",NA,1,NA,66,"LCA22",22,"stimulus.ejs",""
"251","94.29.127.33",1417014244490,"59_2_exp","","M_Pl","HSElist2Dec26","exp","",NA,1,NA,67,"LCA22",22,"stimulus.ejs",""
"252","94.29.127.33",1417014259542,"60_2_fill","","NM_Pauc","HSElist2Dec26","fill","",NA,1,NA,68,"LCA22",22,"stimulus.ejs",""
"253","94.29.127.33",1417014279112,"61_2_fill","","NM_Pl","HSElist2Dec26","fill","",NA,1,NA,69,"LCA22",22,"stimulus.ejs",""
"254","94.29.127.33",1417014300626,"62_2_exp","","NM_Sg","HSElist2Dec26","exp","",NA,1,NA,70,"LCA22",22,"stimulus.ejs",""
"255","94.29.127.33",1417014311843,"63_2_exp","","M_Sg","HSElist2Dec26","exp","",NA,1,NA,71,"LCA22",22,"stimulus.ejs",""
"256","94.29.127.33",1417014323334,"64_2_fill","","M_Pl","HSElist2Dec26","fill","",NA,1,NA,72,"LCA22",22,"stimulus.ejs",""
"257","94.29.127.33",1417014334380,"65_2_exp","","NM_Pl","HSElist2Dec26","exp","",NA,1,NA,73,"LCA22",22,"stimulus.ejs",""
"258","77.232.143.46",1421320403946,"undefined","","","HSElist2Dec26","","",NA,NA,NA,1,"YOF23",23,"undefined",""
"259","77.232.143.46",1421320427093,"undefined","","","HSElist2Dec26","","",NA,NA,NA,2,"YOF23",23,"undefined",""
"260","77.232.143.46",1421320440617,"undefined","","","HSElist2Dec26","","",NA,1,NA,3,"YOF23",23,"undefined",""
"261","77.232.143.46",1421320455616,"undefined","","","HSElist2Dec26","","",NA,1,NA,4,"YOF23",23,"undefined",""
"262","77.232.143.46",1421320466111,"undefined","","","HSElist2Dec26","","Ошибка!",7209,1,NA,5,"YOF23",23,"undefined",""
"263","77.232.143.46",1421320482267,"undefined","","","HSElist2Dec26","","Ошибка!",10175,1,NA,6,"YOF23",23,"undefined",""
"264","77.232.143.46",1421320493356,"undefined","","","HSElist2Dec26","","Ошибка!",5026,1,NA,7,"YOF23",23,"undefined",""
"265","77.232.143.46",1421320516999,"1_2_fill","","NM_Pauc","HSElist2Dec26","fill","Ошибка!",6644,1,NA,9,"YOF23",23,"stimulus.ejs",""
"266","77.232.143.46",1421320531538,"2_2_exp","","NM_Pl","HSElist2Dec26","exp","Ошибка!",10280,1,NA,10,"YOF23",23,"stimulus.ejs",""
"267","77.232.143.46",1421320544877,"3_2_exp","","M_Pl","HSElist2Dec26","exp","",NA,1,NA,11,"YOF23",23,"stimulus.ejs",""
"268","77.232.143.46",1421320557387,"4_2_fill","","NM_Pl","HSElist2Dec26","fill","",NA,1,NA,12,"YOF23",23,"stimulus.ejs",""
"269","77.232.143.46",1421320571169,"5_2_exp","","NM_Sg","HSElist2Dec26","exp","Ошибка!",8590,1,NA,13,"YOF23",23,"stimulus.ejs",""
"270","77.232.143.46",1421320586299,"6_2_fill","","M_Pauc","HSElist2Dec26","fill","",NA,1,NA,14,"YOF23",23,"stimulus.ejs",""
"271","77.232.143.46",1421320599220,"7_2_fill","","M_Pl","HSElist2Dec26","fill","",NA,1,NA,15,"YOF23",23,"stimulus.ejs",""
"272","77.232.143.46",1421320626504,"8_2_exp","","M_Sg","HSElist2Dec26","exp","Ошибка!",9503,1,NA,16,"YOF23",23,"stimulus.ejs",""
"273","77.232.143.46",1421320718326,"9_2_exp","","NM_Pl","HSElist2Dec26","exp","Ошибка!",8206,1,NA,17,"YOF23",23,"stimulus.ejs",""
"274","77.232.143.46",1421320731626,"10_2_fill","","M_Pauc","HSElist2Dec26","fill","",NA,1,NA,18,"YOF23",23,"stimulus.ejs",""
"275","77.232.143.46",1421320745020,"11_2_exp","","M_Pl","HSElist2Dec26","exp","",NA,1,NA,19,"YOF23",23,"stimulus.ejs",""
"276","77.232.143.46",1421320756185,"12_2_fill","","NM_Pauc","HSElist2Dec26","fill","Ошибка!",6923,1,NA,20,"YOF23",23,"stimulus.ejs",""
"277","77.232.143.46",1421320768599,"13_2_fill","","NM_Pl","HSElist2Dec26","fill","Ошибка!",9920,1,NA,21,"YOF23",23,"stimulus.ejs",""
"278","77.232.143.46",1421320783764,"14_2_exp","","NM_Sg","HSElist2Dec26","exp","Ошибка!",9960,1,NA,22,"YOF23",23,"stimulus.ejs",""
"279","77.232.143.46",1421320796174,"15_2_exp","","M_Sg","HSElist2Dec26","exp","",NA,1,NA,23,"YOF23",23,"stimulus.ejs",""
"280","77.232.143.46",1421320820619,"16_2_fill","","NM_Pauc","HSElist2Dec26","fill","Ошибка!",7731,1,NA,24,"YOF23",23,"stimulus.ejs",""
"281","77.232.143.46",1421320838233,"17_2_exp","","NM_Pl","HSElist2Dec26","exp","Ошибка!",7351,1,NA,25,"YOF23",23,"stimulus.ejs",""
"282","77.232.143.46",1421320849952,"18_2_fill","","M_Pl","HSElist2Dec26","fill","",NA,1,NA,26,"YOF23",23,"stimulus.ejs",""
"283","77.232.143.46",1421320861118,"19_2_fill","","M_Pauc","HSElist2Dec26","fill","",NA,1,NA,27,"YOF23",23,"stimulus.ejs",""
"284","77.232.143.46",1421320873966,"20_2_exp","","M_Pl","HSElist2Dec26","exp","",NA,1,NA,28,"YOF23",23,"stimulus.ejs",""
"285","77.232.143.46",1421320888100,"21_2_exp","","NM_Sg","HSElist2Dec26","exp","Ошибка!",8263,1,NA,29,"YOF23",23,"stimulus.ejs",""
"286","77.232.143.46",1421320902025,"22_2_fill","","M_Pl","HSElist2Dec26","fill","",NA,1,NA,30,"YOF23",23,"stimulus.ejs",""
"287","77.232.143.46",1421320914835,"23_2_exp","","M_Sg","HSElist2Dec26","exp","Ошибка!",8807,1,NA,31,"YOF23",23,"stimulus.ejs",""
"288","77.232.143.46",1421320927211,"24_2_fill","","NM_Pl","HSElist2Dec26","fill","Ошибка!",7638,1,NA,32,"YOF23",23,"stimulus.ejs",""
"289","77.232.143.46",1421320937848,"25_2_fill","","NM_Pauc","HSElist2Dec26","fill","Ошибка!",5777,1,NA,33,"YOF23",23,"stimulus.ejs",""
"290","77.232.143.46",1421320950000,"26_2_exp","","NM_Pl","HSElist2Dec26","exp","Ошибка!",6829,1,NA,34,"YOF23",23,"stimulus.ejs",""
"291","77.232.143.46",1421320964056,"27_2_exp","","M_Pl","HSElist2Dec26","exp","Ошибка!",11443,1,NA,35,"YOF23",23,"stimulus.ejs",""
"292","77.232.143.46",1421320979928,"28_2_fill","","NM_Pl","HSElist2Dec26","fill","Ошибка!",6570,1,NA,36,"YOF23",23,"stimulus.ejs",""
"293","77.232.143.46",1421320993997,"29_2_exp","","NM_Sg","HSElist2Dec26","exp","Ошибка!",7683,1,NA,37,"YOF23",23,"stimulus.ejs",""
"294","77.232.143.46",1421321006489,"30_2_fill","","M_Pauc","HSElist2Dec26","fill","",NA,1,NA,38,"YOF23",23,"stimulus.ejs",""
"295","77.232.143.46",1421321017858,"31_2_fill","","M_Pl","HSElist2Dec26","fill","",NA,1,NA,39,"YOF23",23,"stimulus.ejs",""
"296","77.232.143.46",1421321029804,"32_2_exp","","M_Sg","HSElist2Dec26","exp","",NA,1,NA,40,"YOF23",23,"stimulus.ejs",""
"297","77.232.143.46",1421321042766,"33_2_exp","","NM_Pl","HSElist2Dec26","exp","Ошибка!",7523,1,NA,41,"YOF23",23,"stimulus.ejs",""
"298","77.232.143.46",1421321055230,"34_2_fill","","M_Pauc","HSElist2Dec26","fill","",NA,1,NA,42,"YOF23",23,"stimulus.ejs",""
"299","77.232.143.46",1421321068089,"35_2_exp","","M_Pl","HSElist2Dec26","exp","",NA,1,NA,43,"YOF23",23,"stimulus.ejs",""
"300","77.232.143.46",1421321081107,"36_2_fill","","NM_Pauc","HSElist2Dec26","fill","",NA,1,NA,44,"YOF23",23,"stimulus.ejs",""
"301","77.232.143.46",1421321092888,"37_2_fill","","NM_Pl","HSElist2Dec26","fill","Ошибка!",6383,1,NA,45,"YOF23",23,"stimulus.ejs",""
"302","77.232.143.46",1421321107683,"38_2_exp","","NM_Sg","HSElist2Dec26","exp","Ошибка!",7908,1,NA,46,"YOF23",23,"stimulus.ejs",""
"303","77.232.143.46",1421321120650,"39_2_exp","","M_Sg","HSElist2Dec26","exp","",NA,1,NA,47,"YOF23",23,"stimulus.ejs",""
"304","77.232.143.46",1421321132575,"40_2_fill","","NM_Pauc","HSElist2Dec26","fill","Ошибка!",5969,1,NA,48,"YOF23",23,"stimulus.ejs",""
"305","77.232.143.46",1421321145138,"41_2_exp","","NM_Pl","HSElist2Dec26","exp","Ошибка!",6551,1,NA,49,"YOF23",23,"stimulus.ejs",""
"306","77.232.143.46",1421321158145,"42_2_fill","","M_Pl","HSElist2Dec26","fill","",NA,1,NA,50,"YOF23",23,"stimulus.ejs",""
"307","77.232.143.46",1421321170167,"43_2_fill","","M_Pauc","HSElist2Dec26","fill","",NA,1,NA,51,"YOF23",23,"stimulus.ejs",""
"308","77.232.143.46",1421321182385,"44_2_exp","","M_Pl","HSElist2Dec26","exp","",NA,1,NA,52,"YOF23",23,"stimulus.ejs",""
"309","77.232.143.46",1421321197828,"45_2_exp","","NM_Sg","HSElist2Dec26","exp","Ошибка!",8551,1,NA,53,"YOF23",23,"stimulus.ejs",""
"310","77.232.143.46",1421321210237,"46_2_fill","","M_Pl","HSElist2Dec26","fill","",NA,1,NA,54,"YOF23",23,"stimulus.ejs",""
"311","77.232.143.46",1421321222423,"47_2_exp","","M_Sg","HSElist2Dec26","exp","Ошибка!",6882,1,NA,55,"YOF23",23,"stimulus.ejs",""
"312","77.232.143.46",1421321233479,"48_2_fill","","NM_Pl","HSElist2Dec26","fill","Ошибка!",6460,1,NA,56,"YOF23",23,"stimulus.ejs",""
"313","77.232.143.46",1421321245099,"49_2_fill","","NM_Pauc","HSElist2Dec26","fill","Ошибка!",6844,1,NA,57,"YOF23",23,"stimulus.ejs",""
"314","77.232.143.46",1421321259318,"50_2_exp","","NM_Pl","HSElist2Dec26","exp","Ошибка!",7915,1,NA,58,"YOF23",23,"stimulus.ejs",""
"315","77.232.143.46",1421321273458,"51_2_exp","","M_Pl","HSElist2Dec26","exp","Ошибка!",7721,1,NA,59,"YOF23",23,"stimulus.ejs",""
"316","77.232.143.46",1421321284559,"52_2_fill","","NM_Pl","HSElist2Dec26","fill","Ошибка!",5593,1,NA,60,"YOF23",23,"stimulus.ejs",""
"317","77.232.143.46",1421321297339,"53_2_exp","","NM_Sg","HSElist2Dec26","exp","Ошибка!",6978,1,NA,61,"YOF23",23,"stimulus.ejs",""
"318","77.232.143.46",1421321308355,"54_2_fill","","M_Pauc","HSElist2Dec26","fill","",NA,1,NA,62,"YOF23",23,"stimulus.ejs",""
"319","77.232.143.46",1421321318719,"55_2_fill","","M_Pl","HSElist2Dec26","fill","",NA,1,NA,63,"YOF23",23,"stimulus.ejs",""
"320","77.232.143.46",1421321331919,"56_2_exp","","M_Sg","HSElist2Dec26","exp","Ошибка!",6539,1,NA,64,"YOF23",23,"stimulus.ejs",""
"321","77.232.143.46",1421321345404,"57_2_exp","","NM_Pl","HSElist2Dec26","exp","Ошибка!",7713,1,NA,65,"YOF23",23,"stimulus.ejs",""
"322","77.232.143.46",1421321356044,"58_2_fill","","M_Pauc","HSElist2Dec26","fill","",NA,1,NA,66,"YOF23",23,"stimulus.ejs",""
"323","77.232.143.46",1421321369230,"59_2_exp","","M_Pl","HSElist2Dec26","exp","Ошибка!",6492,1,NA,67,"YOF23",23,"stimulus.ejs",""
"324","77.232.143.46",1421321381370,"60_2_fill","","NM_Pauc","HSElist2Dec26","fill","Ошибка!",7133,1,NA,68,"YOF23",23,"stimulus.ejs",""
"325","77.232.143.46",1421321393967,"61_2_fill","","NM_Pl","HSElist2Dec26","fill","Ошибка!",5662,1,NA,69,"YOF23",23,"stimulus.ejs",""
"326","77.232.143.46",1421321406712,"62_2_exp","","NM_Sg","HSElist2Dec26","exp","Ошибка!",7373,1,NA,70,"YOF23",23,"stimulus.ejs",""
"327","77.232.143.46",1421321419316,"63_2_exp","","M_Sg","HSElist2Dec26","exp","Ошибка!",9800,1,NA,71,"YOF23",23,"stimulus.ejs",""
"328","77.232.143.46",1421321436267,"64_2_fill","","M_Pl","HSElist2Dec26","fill","Ошибка!",9069,1,NA,72,"YOF23",23,"stimulus.ejs",""
"329","77.232.143.46",1421321449470,"65_2_exp","","NM_Pl","HSElist2Dec26","exp","Ошибка!",7149,1,NA,73,"YOF23",23,"stimulus.ejs",""
"330","62.183.68.3",1421350418131,"undefined","","","HSElist2Dec26","","",NA,NA,NA,1,"AQF24",24,"undefined",""
"331","62.183.68.3",1421350431120,"undefined","","","HSElist2Dec26","","",NA,NA,NA,2,"AQF24",24,"undefined",""
"332","62.183.68.3",1421350444749,"undefined","","","HSElist2Dec26","","",NA,1,NA,3,"AQF24",24,"undefined",""
"333","62.183.68.3",1421350456547,"undefined","","","HSElist2Dec26","","Ошибка!",4868,1,NA,4,"AQF24",24,"undefined",""
"334","62.183.68.3",1421350467230,"undefined","","","HSElist2Dec26","","Ошибка!",5715,1,NA,5,"AQF24",24,"undefined",""
"335","62.183.68.3",1421350480140,"undefined","","","HSElist2Dec26","","Ошибка!",11020,1,NA,6,"AQF24",24,"undefined",""
"336","62.183.68.3",1421350490270,"undefined","","","HSElist2Dec26","","Ошибка!",4179,1,NA,7,"AQF24",24,"undefined",""
"337","62.183.68.3",1421350504570,"1_2_fill","","NM_Pauc","HSElist2Dec26","fill","Ошибка!",5115,1,NA,9,"AQF24",24,"stimulus.ejs",""
"338","62.183.68.3",1421350516130,"2_2_exp","","NM_Pl","HSElist2Dec26","exp","Ошибка!",6509,1,NA,10,"AQF24",24,"stimulus.ejs",""
"339","62.183.68.3",1421350528534,"3_2_exp","","M_Pl","HSElist2Dec26","exp","Ошибка!",11032,1,NA,11,"AQF24",24,"stimulus.ejs",""
"340","62.183.68.3",1421350541633,"4_2_fill","","NM_Pl","HSElist2Dec26","fill","Ошибка!",5899,1,NA,12,"AQF24",24,"stimulus.ejs",""
"341","62.183.68.3",1421350553893,"5_2_exp","","NM_Sg","HSElist2Dec26","exp","Ошибка!",6676,1,NA,13,"AQF24",24,"stimulus.ejs",""
"342","62.183.68.3",1421350564105,"6_2_fill","","M_Pauc","HSElist2Dec26","fill","",NA,1,NA,14,"AQF24",24,"stimulus.ejs",""
"343","62.183.68.3",1421350575903,"7_2_fill","","M_Pl","HSElist2Dec26","fill","",NA,1,NA,15,"AQF24",24,"stimulus.ejs",""
"344","62.183.68.3",1421350588305,"8_2_exp","","M_Sg","HSElist2Dec26","exp","Ошибка!",9221,1,NA,16,"AQF24",24,"stimulus.ejs",""
"345","62.183.68.3",1421350600286,"9_2_exp","","NM_Pl","HSElist2Dec26","exp","Ошибка!",6667,1,NA,17,"AQF24",24,"stimulus.ejs",""
"346","62.183.68.3",1421350611944,"10_2_fill","","M_Pauc","HSElist2Dec26","fill","",NA,1,NA,18,"AQF24",24,"stimulus.ejs",""
"347","46.151.153.179",1421357042551,"","undefined","","HSElist2Dec26","","",NA,NA,NA,1,"CFH25",25,"undefined",""
"348","46.151.153.179",1421357057624,"","undefined","","HSElist2Dec26","","",NA,NA,NA,2,"CFH25",25,"undefined",""
"349","46.151.153.179",1421357069018,"","undefined","","HSElist2Dec26","","",NA,1,NA,3,"CFH25",25,"undefined",""
"350","46.151.153.179",1421357084228,"","undefined","","HSElist2Dec26","","Ошибка!",5401,1,NA,4,"CFH25",25,"undefined",""
"351","46.151.153.179",1421357094998,"","undefined","","HSElist2Dec26","","Ошибка!",3362,1,NA,5,"CFH25",25,"undefined",""
"352","46.151.153.179",1421357106883,"","undefined","","HSElist2Dec26","","",NA,1,NA,6,"CFH25",25,"undefined",""
"353","46.151.153.179",1421357116127,"","undefined","","HSElist2Dec26","","Ошибка!",2794,1,NA,7,"CFH25",25,"undefined",""
"354","212.188.127.233",1421759549284,"undefined","","","HSElist2Dec26","","",NA,NA,NA,1,"CIR26",26,"undefined",""
"355","212.188.127.233",1421759584865,"undefined","","","HSElist2Dec26","","",NA,NA,NA,2,"CIR26",26,"undefined",""
"356","212.188.127.233",1421759610297,"undefined","","","HSElist2Dec26","","",NA,1,NA,3,"CIR26",26,"undefined",""
"357","212.188.127.233",1421759631356,"undefined","","","HSElist2Dec26","","Ошибка!",5285,1,NA,4,"CIR26",26,"undefined",""
"358","212.188.127.233",1421759640805,"undefined","","","HSElist2Dec26","","Ошибка!",3934,1,NA,5,"CIR26",26,"undefined",""
"359","212.188.127.233",1421759653890,"undefined","","","HSElist2Dec26","","",NA,1,NA,6,"CIR26",26,"undefined",""
"360","212.188.127.233",1421759662216,"undefined","","","HSElist2Dec26","","Ошибка!",3641,1,NA,7,"CIR26",26,"undefined",""
"361","212.188.127.233",1421759681628,"1_2_fill","","NM_Pauc","HSElist2Dec26","fill","Ошибка!",4610,1,NA,9,"CIR26",26,"stimulus.ejs",""
"362","212.188.127.233",1421759693264,"2_2_exp","","NM_Pl","HSElist2Dec26","exp","Ошибка!",6081,1,NA,10,"CIR26",26,"stimulus.ejs",""
"363","212.188.127.233",1421759705896,"3_2_exp","","M_Pl","HSElist2Dec26","exp","",NA,1,NA,11,"CIR26",26,"stimulus.ejs",""
"364","212.188.127.233",1421759715640,"4_2_fill","","NM_Pl","HSElist2Dec26","fill","Ошибка!",4475,1,NA,12,"CIR26",26,"stimulus.ejs",""
"365","212.188.127.233",1421759727597,"5_2_exp","","NM_Sg","HSElist2Dec26","exp","Ошибка!",6063,1,NA,13,"CIR26",26,"stimulus.ejs",""
"366","212.188.127.233",1421759738189,"6_2_fill","","M_Pauc","HSElist2Dec26","fill","",NA,1,NA,14,"CIR26",26,"stimulus.ejs",""
"367","212.188.127.233",1421759748616,"7_2_fill","","M_Pl","HSElist2Dec26","fill","",NA,1,NA,15,"CIR26",26,"stimulus.ejs",""
"368","212.188.127.233",1421759760199,"8_2_exp","","M_Sg","HSElist2Dec26","exp","",NA,1,NA,16,"CIR26",26,"stimulus.ejs",""
"369","212.188.127.233",1421759775254,"9_2_exp","","NM_Pl","HSElist2Dec26","exp","Ошибка!",6508,1,NA,17,"CIR26",26,"stimulus.ejs",""
"370","212.188.127.233",1421759787973,"10_2_fill","","M_Pauc","HSElist2Dec26","fill","",NA,1,NA,18,"CIR26",26,"stimulus.ejs",""
"371","212.188.127.233",1421759799677,"11_2_exp","","M_Pl","HSElist2Dec26","exp","",NA,1,NA,19,"CIR26",26,"stimulus.ejs",""
"372","212.188.127.233",1421759810334,"12_2_fill","","NM_Pauc","HSElist2Dec26","fill","Ошибка!",5825,1,NA,20,"CIR26",26,"stimulus.ejs",""
"373","212.188.127.233",1421759820695,"13_2_fill","","NM_Pl","HSElist2Dec26","fill","Ошибка!",9448,1,NA,21,"CIR26",26,"stimulus.ejs",""
"374","212.188.127.233",1421759833598,"14_2_exp","","NM_Sg","HSElist2Dec26","exp","Ошибка!",7973,1,NA,22,"CIR26",26,"stimulus.ejs",""
"375","212.188.127.233",1421759847459,"15_2_exp","","M_Sg","HSElist2Dec26","exp","",NA,1,NA,23,"CIR26",26,"stimulus.ejs",""
"376","212.188.127.233",1421759859332,"16_2_fill","","NM_Pauc","HSElist2Dec26","fill","Ошибка!",4996,1,NA,24,"CIR26",26,"stimulus.ejs",""
"377","212.188.127.233",1421759871824,"17_2_exp","","NM_Pl","HSElist2Dec26","exp","Ошибка!",6284,1,NA,25,"CIR26",26,"stimulus.ejs",""
"378","212.188.127.233",1421759882574,"18_2_fill","","M_Pl","HSElist2Dec26","fill","",NA,1,NA,26,"CIR26",26,"stimulus.ejs",""
"379","212.188.127.233",1421759891984,"19_2_fill","","M_Pauc","HSElist2Dec26","fill","",NA,1,NA,27,"CIR26",26,"stimulus.ejs",""
"380","212.188.127.233",1421759903036,"20_2_exp","","M_Pl","HSElist2Dec26","exp","",NA,1,NA,28,"CIR26",26,"stimulus.ejs",""
"381","212.188.127.233",1421759914288,"21_2_exp","","NM_Sg","HSElist2Dec26","exp","Ошибка!",6873,1,NA,29,"CIR26",26,"stimulus.ejs",""
"382","212.188.127.233",1421759927039,"22_2_fill","","M_Pl","HSElist2Dec26","fill","",NA,1,NA,30,"CIR26",26,"stimulus.ejs",""
"383","212.188.127.233",1421759938116,"23_2_exp","","M_Sg","HSElist2Dec26","exp","",NA,1,NA,31,"CIR26",26,"stimulus.ejs",""
"384","212.188.127.233",1421759949821,"24_2_fill","","NM_Pl","HSElist2Dec26","fill","",NA,1,NA,32,"CIR26",26,"stimulus.ejs",""
"385","212.188.127.233",1421759959155,"25_2_fill","","NM_Pauc","HSElist2Dec26","fill","Ошибка!",4953,1,NA,33,"CIR26",26,"stimulus.ejs",""
"386","212.188.127.233",1421759971045,"26_2_exp","","NM_Pl","HSElist2Dec26","exp","Ошибка!",6434,1,NA,34,"CIR26",26,"stimulus.ejs",""
"387","212.188.127.233",1421759982645,"27_2_exp","","M_Pl","HSElist2Dec26","exp","",NA,1,NA,35,"CIR26",26,"stimulus.ejs",""
"388","212.188.127.233",1421759994941,"28_2_fill","","NM_Pl","HSElist2Dec26","fill","Ошибка!",6182,1,NA,36,"CIR26",26,"stimulus.ejs",""
"389","212.188.127.233",1421760006314,"29_2_exp","","NM_Sg","HSElist2Dec26","exp","Ошибка!",6486,1,NA,37,"CIR26",26,"stimulus.ejs",""
"390","212.188.127.233",1421760016644,"30_2_fill","","M_Pauc","HSElist2Dec26","fill","",NA,1,NA,38,"CIR26",26,"stimulus.ejs",""
"391","212.188.127.233",1421760025887,"31_2_fill","","M_Pl","HSElist2Dec26","fill","",NA,1,NA,39,"CIR26",26,"stimulus.ejs",""
"392","212.188.127.233",1421760043724,"32_2_exp","","M_Sg","HSElist2Dec26","exp","",NA,1,NA,40,"CIR26",26,"stimulus.ejs",""
"393","212.188.127.233",1421760055343,"33_2_exp","","NM_Pl","HSElist2Dec26","exp","Ошибка!",6637,1,NA,41,"CIR26",26,"stimulus.ejs",""
"394","212.188.127.233",1421760066213,"34_2_fill","","M_Pauc","HSElist2Dec26","fill","",NA,1,NA,42,"CIR26",26,"stimulus.ejs",""
"395","212.188.127.233",1421760077192,"35_2_exp","","M_Pl","HSElist2Dec26","exp","",NA,1,NA,43,"CIR26",26,"stimulus.ejs",""
"396","212.188.127.233",1421760088168,"36_2_fill","","NM_Pauc","HSElist2Dec26","fill","",NA,1,NA,44,"CIR26",26,"stimulus.ejs",""
"397","212.188.127.233",1421760098621,"37_2_fill","","NM_Pl","HSElist2Dec26","fill","Ошибка!",4956,1,NA,45,"CIR26",26,"stimulus.ejs",""
"398","212.188.127.233",1421760109720,"38_2_exp","","NM_Sg","HSElist2Dec26","exp","Ошибка!",6363,1,NA,46,"CIR26",26,"stimulus.ejs",""
"399","212.188.127.233",1421760121780,"39_2_exp","","M_Sg","HSElist2Dec26","exp","",NA,1,NA,47,"CIR26",26,"stimulus.ejs",""
"400","212.188.127.233",1421760132215,"40_2_fill","","NM_Pauc","HSElist2Dec26","fill","Ошибка!",5020,1,NA,48,"CIR26",26,"stimulus.ejs",""
"401","212.188.127.233",1421760143599,"41_2_exp","","NM_Pl","HSElist2Dec26","exp","Ошибка!",6236,1,NA,49,"CIR26",26,"stimulus.ejs",""
"402","212.188.127.233",1421760154095,"42_2_fill","","M_Pl","HSElist2Dec26","fill","",NA,1,NA,50,"CIR26",26,"stimulus.ejs",""
"403","212.188.127.233",1421760164700,"43_2_fill","","M_Pauc","HSElist2Dec26","fill","",NA,1,NA,51,"CIR26",26,"stimulus.ejs",""
"404","212.188.127.233",1421760175078,"44_2_exp","","M_Pl","HSElist2Dec26","exp","",NA,1,NA,52,"CIR26",26,"stimulus.ejs",""
"405","212.188.127.233",1421760193718,"45_2_exp","","NM_Sg","HSElist2Dec26","exp","Ошибка!",6266,1,NA,53,"CIR26",26,"stimulus.ejs",""
"406","212.188.127.233",1421760204467,"46_2_fill","","M_Pl","HSElist2Dec26","fill","",NA,1,NA,54,"CIR26",26,"stimulus.ejs",""
"407","212.188.127.233",1421760215778,"47_2_exp","","M_Sg","HSElist2Dec26","exp","",NA,1,NA,55,"CIR26",26,"stimulus.ejs",""
"408","212.188.127.233",1421760225296,"48_2_fill","","NM_Pl","HSElist2Dec26","fill","Ошибка!",5168,1,NA,56,"CIR26",26,"stimulus.ejs",""
"409","212.188.127.233",1421760234959,"49_2_fill","","NM_Pauc","HSElist2Dec26","fill","Ошибка!",5869,1,NA,57,"CIR26",26,"stimulus.ejs",""
"410","212.188.127.233",1421760246155,"50_2_exp","","NM_Pl","HSElist2Dec26","exp","Ошибка!",6093,1,NA,58,"CIR26",26,"stimulus.ejs",""
"411","212.188.127.233",1421760259475,"51_2_exp","","M_Pl","HSElist2Dec26","exp","",NA,1,NA,59,"CIR26",26,"stimulus.ejs",""
"412","212.188.127.233",1421760272695,"52_2_fill","","NM_Pl","HSElist2Dec26","fill","Ошибка!",4942,1,NA,60,"CIR26",26,"stimulus.ejs",""
"413","212.188.127.233",1421760283840,"53_2_exp","","NM_Sg","HSElist2Dec26","exp","Ошибка!",6552,1,NA,61,"CIR26",26,"stimulus.ejs",""
"414","212.188.127.233",1421760293452,"54_2_fill","","M_Pauc","HSElist2Dec26","fill","",NA,1,NA,62,"CIR26",26,"stimulus.ejs",""
"415","212.188.127.233",1421760303344,"55_2_fill","","M_Pl","HSElist2Dec26","fill","",NA,1,NA,63,"CIR26",26,"stimulus.ejs",""
"416","212.188.127.233",1421760314909,"56_2_exp","","M_Sg","HSElist2Dec26","exp","",NA,1,NA,64,"CIR26",26,"stimulus.ejs",""
"417","212.188.127.233",1421760326455,"57_2_exp","","NM_Pl","HSElist2Dec26","exp","Ошибка!",7129,1,NA,65,"CIR26",26,"stimulus.ejs",""
"418","212.188.127.233",1421760335873,"58_2_fill","","M_Pauc","HSElist2Dec26","fill","",NA,1,NA,66,"CIR26",26,"stimulus.ejs",""
"419","212.188.127.233",1421760347413,"59_2_exp","","M_Pl","HSElist2Dec26","exp","",NA,1,NA,67,"CIR26",26,"stimulus.ejs",""
"420","212.188.127.233",1421760357330,"60_2_fill","","NM_Pauc","HSElist2Dec26","fill","Ошибка!",4951,1,NA,68,"CIR26",26,"stimulus.ejs",""
"421","212.188.127.233",1421760367500,"61_2_fill","","NM_Pl","HSElist2Dec26","fill","Ошибка!",4739,1,NA,69,"CIR26",26,"stimulus.ejs",""
"422","212.188.127.233",1421760378606,"62_2_exp","","NM_Sg","HSElist2Dec26","exp","Ошибка!",6783,1,NA,70,"CIR26",26,"stimulus.ejs",""
"423","212.188.127.233",1421760389929,"63_2_exp","","M_Sg","HSElist2Dec26","exp","",NA,1,NA,71,"CIR26",26,"stimulus.ejs",""
"424","212.188.127.233",1421760399500,"64_2_fill","","M_Pl","HSElist2Dec26","fill","",NA,1,NA,72,"CIR26",26,"stimulus.ejs",""
"425","212.188.127.233",1421760409881,"65_2_exp","","NM_Pl","HSElist2Dec26","exp","Ошибка!",6555,1,NA,73,"CIR26",26,"stimulus.ejs",""
